project_id,title,skills_required,location
P1000,Enhanced 24/7 Collaboration,"React; SQL; Docker",Remote
P1001,Optimized Mission-Critical Strategy,"Spring; Java; Angular",Delhi
P1002,Configurable Holistic Middleware,"Python; ML; Tableau",Pune
P1003,Enterprise-Wide Next Generation Adapter,"AWS; Kubernetes; Docker",Bangalore
P1004,Upgradable Bandwidth-Monitored Support,"ServiceNow; Javascript; SQL",Chennai
P1005,Integrated Context-Sensitive Capability,"Java; Spring; React",Mumbai
P1006,User-Friendly Multi-State Support,"AWS; Python; Kubernetes",Hyderabad
P1007,Advanced Bandwidth-Monitored Archive,"Angular; SQL; Docker",Pune
P1008,Distributed Web-Enabled Data,"React; Python; AWS",Remote
P1009,Operative Transitional Analyzer,"Spring; Tableau; SQL",Chennai
P1010,Extended Real-Time Collaboration,"Java; Angular; ServiceNow",Delhi
P1011,Versatile Multi-Tasking Model,"Python; ML; Kubernetes",Bangalore
P1012,Multi-Lateral 24 Hour Database,"AWS; React; Docker",Hyderabad
P1013,Customizable Demand-Driven Emulation,"SQL; Spring; Tableau",Pune
P1014,Horizontal Uniform Moratorium,"Angular; Java; Kubernetes",Chennai
P1015,Open-Source Coherent Analyzer,"Python; AWS; ML",Remote
P1016,Reactive Composite Capability,"Docker; Kubernetes; React",Delhi
P1017,Reduced Object-Oriented Data,"ServiceNow; SQL; Angular",Mumbai
P1018,Streamlined 24/7 System,"Java; Spring; AWS",Bangalore
P1019,Ergonomic Multi-Layer Encryption,"Python; Kubernetes; Docker",Hyderabad